{"cameraMode":{"drawMode":0,"name":"Shaded","section":"Shading Mode"},"sceneLighting":false,"audioPlay":false,"sceneViewState":{"showFog":true,"showMaterialUpdate":false,"showSkybox":false,"showFlares":true,"showImageEffects":true,"showParticleSystems":true},"in2DMode":false,"pivot":{"x":-0.18810239434242249,"y":1.2298972606658936,"z":4.046483039855957},"rotation":{"x":-0.15753883123397828,"y":0.8407195806503296,"z":-0.3356092870235443,"w":-0.3946501314640045},"size":0.3246566355228424,"orthographic":false}