{"cameraMode":{"drawMode":0,"name":"Shaded","section":"Shading Mode"},"sceneLighting":false,"audioPlay":false,"sceneViewState":{"showFog":true,"showMaterialUpdate":false,"showSkybox":false,"showFlares":true,"showImageEffects":true,"showParticleSystems":true},"in2DMode":false,"pivot":{"x":-0.0655968189239502,"y":2.7809109687805177,"z":0.09810018539428711},"rotation":{"x":0.30936816334724429,"y":0.20990335941314698,"z":-0.07021033763885498,"w":0.9248341917991638},"size":3.329829216003418,"orthographic":false}